,norma_l1,norma_l2,pct_reduccion_l1,pct_reduccion_l2
ols,10853.747978998756,3922.1947252566883,0.0,0.0
regularizacion_l1,42.945147280023896,33.49405578378014,0.996043288699616,0.9914603791677915
regularizacion_l2,457.5218488711812,109.5503792715566,0.957846648940398,0.9720691125899193
regularizacion_elasticnet,21.002924203163836,8.997096294952199,0.998064915064934,0.9977061066761892
